total_nodes,mean_in_degree,mean_out_degree,mean_betweenness,num_SCC,largest_SCC,APL
8381,2.08972676291612,2.08972676291612,36995.48800859085,540,7818,14.165110491649724
